id_noticia,tema_humano,evento_humano
N001,logistica_canal,E-canal
N002,logistica_canal,E-canal
N003,logistica_canal,E-canal
N080,logistica_canal,E-canal
N010,turismo,E-cruceros
N011,turismo,E-cruceros
N012,turismo,E-cruceros
N013,turismo,E-cruceros
N014,turismo,E-cruceros
N020,economia,E-desempleo
N021,economia,E-desempleo
N030,servicios_publicos,E-agua
N031,servicios_publicos,E-agua
N040,eventos_naturales,E-sismo
N041,eventos_naturales,E-lluvias
N050,regulacion,E-tasa
N060,otros,E-inyeccion
N070,regulacion,E-remesas
