pais_iso3,indicador_id,anio,valor,unidad,fuente_url,fecha_extraccion,licencia
PAN,SL.UEM.TOTL.ZS,2018,6.0,% de la población activa,https://ejemplo.invalid/worldbank,2025-09-30T23:00:00Z,SINTETICO - solo pruebas; formato del Banco Mundial (CC BY 4.0 en datos reales)
PAN,SL.UEM.TOTL.ZS,2019,7.1,% de la población activa,https://ejemplo.invalid/worldbank,2025-09-30T23:00:00Z,SINTETICO - solo pruebas; formato del Banco Mundial (CC BY 4.0 en datos reales)
PAN,SL.UEM.TOTL.ZS,2020,18.5,% de la población activa,https://ejemplo.invalid/worldbank,2025-09-30T23:00:00Z,SINTETICO - solo pruebas; formato del Banco Mundial (CC BY 4.0 en datos reales)
PAN,SL.UEM.TOTL.ZS,2021,11.3,% de la población activa,https://ejemplo.invalid/worldbank,2025-09-30T23:00:00Z,SINTETICO - solo pruebas; formato del Banco Mundial (CC BY 4.0 en datos reales)
PAN,SL.UEM.TOTL.ZS,2022,8.1,% de la población activa,https://ejemplo.invalid/worldbank,2025-09-30T23:00:00Z,SINTETICO - solo pruebas; formato del Banco Mundial (CC BY 4.0 en datos reales)
PAN,SL.UEM.TOTL.ZS,2023,7.4,% de la población activa,https://ejemplo.invalid/worldbank,2025-09-30T23:00:00Z,SINTETICO - solo pruebas; formato del Banco Mundial (CC BY 4.0 en datos reales)
PAN,SL.UEM.TOTL.ZS,2024,,% de la población activa,https://ejemplo.invalid/worldbank,2025-09-30T23:00:00Z,SINTETICO - solo pruebas; formato del Banco Mundial (CC BY 4.0 en datos reales)
PAN,FP.CPI.TOTL.ZG,2018,0.8,% anual,https://ejemplo.invalid/worldbank,2025-09-30T23:00:00Z,SINTETICO - solo pruebas; formato del Banco Mundial (CC BY 4.0 en datos reales)
PAN,FP.CPI.TOTL.ZG,2019,-0.4,% anual,https://ejemplo.invalid/worldbank,2025-09-30T23:00:00Z,SINTETICO - solo pruebas; formato del Banco Mundial (CC BY 4.0 en datos reales)
PAN,FP.CPI.TOTL.ZG,2020,-1.6,% anual,https://ejemplo.invalid/worldbank,2025-09-30T23:00:00Z,SINTETICO - solo pruebas; formato del Banco Mundial (CC BY 4.0 en datos reales)
PAN,FP.CPI.TOTL.ZG,2021,1.6,% anual,https://ejemplo.invalid/worldbank,2025-09-30T23:00:00Z,SINTETICO - solo pruebas; formato del Banco Mundial (CC BY 4.0 en datos reales)
PAN,FP.CPI.TOTL.ZG,2022,2.9,% anual,https://ejemplo.invalid/worldbank,2025-09-30T23:00:00Z,SINTETICO - solo pruebas; formato del Banco Mundial (CC BY 4.0 en datos reales)
PAN,FP.CPI.TOTL.ZG,2023,1.5,% anual,https://ejemplo.invalid/worldbank,2025-09-30T23:00:00Z,SINTETICO - solo pruebas; formato del Banco Mundial (CC BY 4.0 en datos reales)
PAN,FP.CPI.TOTL.ZG,2024,0.7,% anual,https://ejemplo.invalid/worldbank,2025-09-30T23:00:00Z,SINTETICO - solo pruebas; formato del Banco Mundial (CC BY 4.0 en datos reales)
PAN,NY.GDP.MKTP.KD.ZG,2018,3.6,% anual,https://ejemplo.invalid/worldbank,2025-09-30T23:00:00Z,SINTETICO - solo pruebas; formato del Banco Mundial (CC BY 4.0 en datos reales)
PAN,NY.GDP.MKTP.KD.ZG,2019,3.0,% anual,https://ejemplo.invalid/worldbank,2025-09-30T23:00:00Z,SINTETICO - solo pruebas; formato del Banco Mundial (CC BY 4.0 en datos reales)
PAN,NY.GDP.MKTP.KD.ZG,2020,-17.7,% anual,https://ejemplo.invalid/worldbank,2025-09-30T23:00:00Z,SINTETICO - solo pruebas; formato del Banco Mundial (CC BY 4.0 en datos reales)
PAN,NY.GDP.MKTP.KD.ZG,2021,15.8,% anual,https://ejemplo.invalid/worldbank,2025-09-30T23:00:00Z,SINTETICO - solo pruebas; formato del Banco Mundial (CC BY 4.0 en datos reales)
PAN,NY.GDP.MKTP.KD.ZG,2022,10.8,% anual,https://ejemplo.invalid/worldbank,2025-09-30T23:00:00Z,SINTETICO - solo pruebas; formato del Banco Mundial (CC BY 4.0 en datos reales)
PAN,NY.GDP.MKTP.KD.ZG,2023,7.3,% anual,https://ejemplo.invalid/worldbank,2025-09-30T23:00:00Z,SINTETICO - solo pruebas; formato del Banco Mundial (CC BY 4.0 en datos reales)
PAN,NY.GDP.MKTP.KD.ZG,2024,2.9,% anual,https://ejemplo.invalid/worldbank,2025-09-30T23:00:00Z,SINTETICO - solo pruebas; formato del Banco Mundial (CC BY 4.0 en datos reales)
CRI,SL.UEM.TOTL.ZS,2018,11.8,% de la población activa,https://ejemplo.invalid/worldbank,2025-09-30T23:00:00Z,SINTETICO - solo pruebas; formato del Banco Mundial (CC BY 4.0 en datos reales)
CRI,SL.UEM.TOTL.ZS,2019,11.9,% de la población activa,https://ejemplo.invalid/worldbank,2025-09-30T23:00:00Z,SINTETICO - solo pruebas; formato del Banco Mundial (CC BY 4.0 en datos reales)
CRI,SL.UEM.TOTL.ZS,2020,17.4,% de la población activa,https://ejemplo.invalid/worldbank,2025-09-30T23:00:00Z,SINTETICO - solo pruebas; formato del Banco Mundial (CC BY 4.0 en datos reales)
CRI,SL.UEM.TOTL.ZS,2021,16.4,% de la población activa,https://ejemplo.invalid/worldbank,2025-09-30T23:00:00Z,SINTETICO - solo pruebas; formato del Banco Mundial (CC BY 4.0 en datos reales)
CRI,SL.UEM.TOTL.ZS,2022,12.2,% de la población activa,https://ejemplo.invalid/worldbank,2025-09-30T23:00:00Z,SINTETICO - solo pruebas; formato del Banco Mundial (CC BY 4.0 en datos reales)
CRI,SL.UEM.TOTL.ZS,2023,9.0,% de la población activa,https://ejemplo.invalid/worldbank,2025-09-30T23:00:00Z,SINTETICO - solo pruebas; formato del Banco Mundial (CC BY 4.0 en datos reales)
CRI,SL.UEM.TOTL.ZS,2024,,% de la población activa,https://ejemplo.invalid/worldbank,2025-09-30T23:00:00Z,SINTETICO - solo pruebas; formato del Banco Mundial (CC BY 4.0 en datos reales)
